field_id,Gavin ID,DNA_Ext_num,Plasma_num,contamination_guess,lat,long,date,year,nest_name,county,nest_no,population,fws,Age_days,field_sex,blood,feathers,mass_kg,culman_length_mm,hallux_claw_mm,biil_depth_mm,primary_8_mm,foot_pad_mm,crop,wslh_specimen_id,FTSA10_2,PF3OUDS11CL,FTSA4_2,DIPAP6_2,FTSA6_2,DIPAP8_2,FTSA8_2,CL_9PF3ONS,DONA,FOSA,N_ETFOSA,N_ETFOSAA,N_ETFOSE,N_MEFOSA,N_MEFOSAA,N_MEFOSE,PFBA,PFBS,PFDA,PFDOA,PFDS,PFHPA,PFHPS,PFHXA,PFHXDA,PFHXS,PFMBA,PFMPA,PFNA,PFNS,PFOA,PFODA,PFOS,PFPEA,PFPES,PFTEDA,PFTRDA,PFUNDA,TOTAL_PFAS,TSH_conc,TSH_stderr,T3_conc,T3_stderr,T4_conc,T4_stderr,T4_div_T3,IgY_final,Clysis,PCR_avmal,DNA_sex,FOV,RBC_per_FOV,L,H,E,M,B,Total_count,H_L,Lperc,Hperc,Eperc,Mperc,Bperc
BAEA-WI09-2023-M-001,001,,,1,44.19897,-88.47475,5/17/23,2023,Kimberly Clark,WINNEBAGO,WI-09,,0709-05662,57,F,12,Y,4.55,47.6,37.9,32.6,265,144,0,23CR000954,0,0,0,0,0,0,0,0,0,0.077,0,0.81,0,0,0,0,0,0,8.76,1.79,0.829,0,0.739,0,0,1.29,0,0,9.39,0.093,0.243,0,118,0,0,0.616,1.76,6.82,151.217,0.01226777,0.01073992,1.45163347,0.20821178,1.99370632,0.10380393,1.37342267,0.839,0.001,N,F,13,750,21,69,46,6,2,144,3.285714286,0.21,0.69,0.46,0.06,0.02
BAEA-WI09-2023-S-002,002,,,1,44.19897,-88.47475,5/17/23,2023,Kimberly Clark,WINNEBAGO,WI-09,,0709-05663,58.5,F,12,Y,4.79,50.5,39.5,33.5,276,147,0.00,23CR000955,0.087,0,0,0,0,0,0,0,0,0.08,0,0.704,0,0,0,0,0,0,8.84,2.76,0.948,0,1.01,0,0,1.4,0,0,8.5,0.08,0.156,0,118,0,0,1.06,1.95,6.14,151.715,0.38711928,0.11568053,2.261813,0.4461036,2.39463193,0.11080228,1.05872233,0.965,0.11733333,N,,20,500,42,123,62,0,1,228,2.928571429,0.42,1.23,0.62,0,0.01
BAEA-WI10-2023-M-001,003,,,1,44.23174,88.46293,5/17/23,2023,Menasha Treatment,WINNEBAGO,WI-10a,,0709-05664,56.6,M,12,Y,4.09,43.9,36,32.1,262,137,0,23CR000951,0.084,0,0,0,0,0,0,0,0,0.138,0,0.606,0,0,0,0,0,0,8.3,1.57,0.645,0,0.27,0,0,0.356,0,0,2.03,0.067,0,0,109,0,0,0.383,1.28,5.24,129.969,0.31913737,0.10392766,1.8925841,0.32973258,1.73618887,0.1005052,0.91736418,0.746,0.164,N,,15,650,52,62,44,2,8,168,1.192307692,0.52,0.62,0.44,0.02,0.08
BAEA-WI10-2023-S-002,004,,,1,44.23174,88.46293,5/17/23,2023,Menasha Treatment,WINNEBAGO,WI-10a,,0709-05665,53.6,M,12,Y,3.86,42.5,36,30.7,241,137,0,23CR000950,0.101,0,0,0,0,0,0,0,0,0.138,0,0.44,0,0,0,0,0,0,9.69,1.93,0.832,0,0.45,0,0,0.706,0,0,3.85,0.091,0.031,0,123,0,0,0.433,1.5,6.08,149.272,0.2560337,0.09168028,1.7474235,0.28735123,1.42251265,0.09638854,0.8140629,0.538,0.15266667,N,F,25,400,64,105,24,17,2,212,1.640625,0.64,1.05,0.24,0.17,0.02
BAEA-OU06-2023-M-001,005,,,1,44.27374,-88.36438,5/18/23,2023,Potato Point Road,OUTAGAMIE,OU-06a,,0709-05666,35.4,M,12,Y,2.69,36.4,29.2,27.2,111,128,0.5,23CR000947,0,0,0,0,0,0,0,0,0,0,0,0.321,0,0,0,0,0,0,4.68,1.17,0.6,0,0.698,0,0,0.488,0,0,3.46,0.102,0.083,0,123,0,0,0.355,0.975,3.15,139.082,,,1.43960924,0.20522948,1.61026597,0.09894419,1.11854379,0.610,0.13133333,N,M,20,500,19,128,5,1,13,166,6.736842105,0.19,1.28,0.05,0.01,0.13
BAEA-OU13-2023-S-001,006,,,1,44.28427,-88.33238,5/18/23,2023,Hwy OO,OUTAGAMIE,OU-13a,,0709-05667,44,M,12,Y,3.31,42.5,33.2,28.3,172,132,0.75,23CR000946,0.152,0,0,0,0,0,0.163,0,0,0,0,0,0,0,0,0,0.178,0,5.43,1.95,1.08,0,1.28,0,0,1.34,0,0,4.14,0.136,0.215,0,166,0,0,0.803,1.58,3.8,188.247,0.41153533,0.11963713,1.36068467,0.18617371,0.75315447,0.07920201,0.5535114,0.951,0.118,N,M,20,500,30,120,20,3,0,173,4,0.3,1.2,0.2,0.03,0
BAEA-BR12-2023-M-001,007,,,5,44.5808,-88.05135,5/18/23,2023,Hwy 141,BROWN,BR-12,,0709-05668,45.4,M,12,Y,3.63,41.5,33.3,31.4,182,130,0.5,23CR000945,0.265,0,0,0,0,0,1.01,0,0,0.417,0,0.831,0,0,0.462,0,0,0,8.17,4.49,1.25,0,1.08,0,0,1.04,0,0,3.21,0.155,0.324,0,154,0,0,1.66,2.78,6.89,188.034,,,1.55120522,0.23365842,1.44512702,0.09672085,0.93161562,0.462,0.19966667,N,,33,300,56,54,16,1,0,127,0.964285714,0.56,0.54,0.16,0.01,0
BAEA-BR09-2023-M-001,008,,,5,44.46005,-88.06965,5/19/23,2023,Brown Cty Fairgrounds,BROWN,BR-09,,0709-05672,50,F,12,Y,4.55,48.2,38.5,32.7,215,144,0,23CR000943,0.186,0,0,0,0,0,0.916,0,0,0.406,0,0.828,0,0,0.485,0,0,0,16.5,10.7,1.48,0,0.822,0,0,1.51,0,0,5.4,0.199,0.119,0,195,0,0,1.8,6.76,15.6,258.711,0.02084602,0.01628674,1.53226791,0.22871893,0.96332218,0.0867115,0.62869043,0.312,0.169,N,F,30,300,50,33,15,0,8,106,0.66,0.5,0.33,0.15,0,0.08
BAEA-BR09-2023-S-002,009,,,5,44.46005,-88.06965,5/19/23,2023,Brown Cty Fairgrounds,BROWN,BR-09,,0709-05673,53.2,F,12,Y,3.53,44.7,36,30.5,238,140,0,23CR000944,0.247,0,0,0,0,0,0.552,0,0,0.41,0,0.195,0,0,0.157,0,0.213,0,10.1,4.64,0.869,0,1.08,0,0,1.9,0,0,4.12,0.145,0.143,0,145,0,0,1.36,2.31,8.61,182.051,,,1.35054317,0.18379304,1.38686093,0.09584656,1.02689122,0.567,0.139,N,,40,250,74,43,20,1,0,138,0.581081081,0.74,0.43,0.2,0.01,0
BAEA-BR09-2023-S-003,010,,,5,44.46005,-88.06965,5/19/23,2023,Brown Cty Fairgrounds,BROWN,BR-09,,0709-05674,49.7,F,0,Y,3.76,45.1,34.2,29.1,213,140,0,,,,,,,,,,,,,,,,,,,,,,,,,,,,,,,,,,,,,,,,,,,,,,,,,,,,35,~300,36,13,0,0,21,36,0.361111111,0.36,0.13,0,0,0.21
BAEA-BR17-2023-M-001,011,,,5,44.45081,-88.16042289,5/19/23,2023,Hwy MM,BROWN,BR-17,,0709-05675,56,F,12,Y,4.92,49.5,36.9,33.5,258,150,0.25,23CR000948,0.262,0,0,0,0,0,0.598,0,0,0.289,0,0,0,0,0.164,0,0.224,0,9.49,5.05,0.89,0,0.906,0,0,1.36,0,0,2.92,0.154,0.108,0,151,0,0,1.3,2.34,8.13,185.185,0.11713405,0.05656913,1.00985629,0.11464629,1.82387533,0.10158608,1.80607413,0.343,0,N,,33,~300,25,74,22,2,0,123,2.96,0.25,0.74,0.22,0.02,0
BAEA-BR17-2023-S-002,012,,,5,44.45081,-88.16042289,5/19/23,2023,Hwy MM,BROWN,BR-17,,0709-05676,56.7,F,12,Y,4.66,50.4,37.8,33,263,140,0.25,23CR000949,0.287,0,0,0,0,0,0.981,0,0,0.466,0,0.646,0,0,0.521,0,0,0,16.9,7.33,1.25,0,1.38,0,0,3.44,0,0,6.9,0.196,0.262,0,206,0,0,1.89,3.88,16.4,268.729,0.02904386,0.02099241,1.67672377,0.2674998,1.60228469,0.09884285,0.95560445,0.512,0.18533333,N,F,33,~300,33,64,27,0,0,124,1.939393939,0.33,0.64,0.27,0,0
BAEA-BY32-2023-M-001,013,,,3,46.78803,-91.37576,6/12/23,2023,Port Wing East,BAYFIELD,BY-032d,,0709-05623,52.5,F,12,Y,3.7,44.5,34.9,31.5,233,144,0,23CR000963,0,0,0,0,0,0,0,0,0,0,0,0,0,0,0,0,0,0,30,6.45,0.696,0,1.08,0,0,1.16,0,0,75.4,0.114,1.92,0,125,0,0,1.65,10.6,42.4,296.47,0.22389277,0.08475948,2.13516901,0.40491615,1.86380123,0.10208741,0.87290571,0.519,0.10833333,N,M,50,200,96,36,15,0,0,147,0.375,0.96,0.36,0.15,0,0
BAEA-DU58-2023-S-001,014,,,3,46.70998,-91.73818,6/12/23,2023,Barden Creek East,DOUGLAS,DU-58a,,0709-05624,50.7,F,12,Y,4.81,47.5,36.5,32.9,220,164,0.5,23CR000972,0,0,0,0,0,0,0,0,0,0,0,0,0,0,0,0,0.077,0,32.4,6.88,0.933,0,0.897,0,0,0.926,0,0,71.4,0.108,0.668,0,123,0,0,2.15,12.1,40.9,292.439,,,1.11726832,0.13392138,1.89578943,0.10249621,1.69680765,0.314,0.02233333,N,F,45,225,36,66,4,1,7,114,1.833333333,0.36,0.66,0.04,0.01,0.07
BAEA-DU58-2023-M-002,015,,,3,46.70998,-91.73818,6/12/23,2023,Barden Creek East,DOUGLAS,DU-58a,,0709-05625,62.5,F,12,Y,5.53,49.5,36.4,35.2,304,162,0.5,23CR000973,0,0,0,0,0,0,0,0,0,0.136,0,0,0,0,0,0,0.102,0,47.8,8.92,1.35,0,1.63,0,0,1.25,0,0,120,0.171,0.799,0,183,0,0,2.88,17.5,62.9,448.438,,,1.67936973,0.26823287,2.73232676,0.11994882,1.62699536,0.331,0.01166667,N,F,50,200,50,27,3,1,0,81,0.54,0.5,0.27,0.03,0.01,0
BAEA-BY52-2023-M-001,016,,,2,46.86569,-91.21680,6/12/23,2023,Bark Point,BAYFIELD,BY-052,,0709-05626,53.9,F,0,Y,2.32,30.8,33.7,28.9,243,141,0,,,,,,,,,,,,,,,,,,,,,,,,,,,,,,,,,,,,,,,,,,,,,,,,,,,,80,125,14,6,1,0,1,22,0.428571429,0.14,0.06,0.01,0,0.01
BAEA-AS71-2023-L-001,017,,,2,47.00765,-90.77066,6/12/23,2023,Bear Island,ASHLAND,AS-71a,,0709-05677,51.7,M,12,Y,4.35,58.3,35,31.2,227,132,0.25,23CR000958,0,0,0,0,0,0,0,0,0,0,0,0,0,0,0,0,0.098,0,43.8,12.4,0.938,0.078,1.29,0,0,1.21,0,0,106,0.136,3.12,0,148,0,0,2.66,20.2,60.8,400.73,,,2.04216027,0.37548782,1.173763,0.09199785,0.57476537,0.303,0.002,N,F,25,400,28,65,15,0,8,116,2.321428571,0.28,0.65,0.15,0,0.08
BAEA-AS108-2023-L-001,018,,,2,46.84913,-90.75812,6/12/23,2023,Basswood Island,ASHLAND,AS-108,,0709-05678,48.6,M,12,Y,4.16,59.4,37.4,33.3,205,135,0.25,,,,,,,,,,,,,,,,,,,,,,,,,,,,,,,,,,,,,,,,,0.24964059,0.0903457,2.22700596,0.43465974,2.0372598,0.10442105,0.91479764,0.332,0.14933333,N,F,45,220,51,48,17,1,5,122,0.941176471,0.51,0.48,0.17,0.01,0.05
BAEA-AS108-2023-L-002,019,,,2,46.84913,-90.75812,6/12/23,2023,Basswood Island,ASHLAND,AS-108,,0709-05614,47.9,M,12,Y,3.37,53.1,34.3,33.3,200,125,0.25,23CR000962,0,0,0,0,0,0,0,0,0,0,0,0,0,0,0,0,0,0,15.5,5.2,0.537,0,0.697,0,0,0.52,0,0,40.7,0.083,0.787,0,79.2,0,0,1.53,9.97,22.7,177.424,,,1.64927847,0.25994249,1.92622577,0.1028926,1.16792028,0.391,0.17633333,N,,20,500,34,97,19,0,24,174,2.852941176,0.34,0.97,0.19,0,0.24
BAEA-BY97-2023-S-001,020,,,3,46.76004,-90.87802,6/13/23,2023,Mt. Ashwabay,BAYFIELD,BY-97,,0709-05627,52.8,F,12,Y,4.17,56.1,35.4,37.3,235,142,1,23CR000967,0,0,0,0,0,0,0,0,0,0,0,0,0,0,0,0,0,0,5.83,1.81,0.751,0,0.697,0,0,0.451,0,0,14.4,0.072,0.249,0,60.2,0,0,0.719,4.05,6.74,95.969,,,1.5275794,0.22750307,1.60388113,0.09886315,1.04994944,0.528,0.18233333,N,M,50,200,59,22,3,1,1,86,0.372881356,0.59,0.22,0.03,0.01,0.01
BAEA-BY97-2023-E-002,021,,,3,46.76004,-90.87802,6/13/23,2023,Mt. Ashwabay,BAYFIELD,BY-97,,0709-05628,48.9,F,12,Y,4.87,49.2,37.6,37.9,207,157,0.75,23CR000968,0,0,0,0,0,0,0,0,0,0,0,0,0,0,0,0,0.112,0,4.81,1.52,0.74,0,0.483,0,0,0.327,0,0,9.72,0.064,0.198,0,42.5,0,0,0.649,3.26,5.66,70.043,,,1.39582213,0.19454371,2.35095825,0.10986606,1.68428211,0.360,0.127,N,F,,,,,,,,,,,,,,
BAEA-BY47-2023-M-001,022,,,3,46.88074,-91.08982,6/13/23,2023,Spirit Point Road,BAYFIELD,BY-47b,,0709-05629,51.8,F,12,Y,4.11,46.4,37.5,33.6,228,152,0.25,23CR000964,0,0,0,0,0,0,0,0,0,0,0,0,0,0,0,0,0.148,0,27.4,5.81,0.629,0.035,1.02,0,0,0.888,0,0,74,0.09,1.72,0,120,0,0,1.82,11.1,38,282.66,0.64925065,0.15468888,1.70479269,0.27531601,1.79356595,0.10121033,1.05207276,0.211,0.15333333,N,F,33,~300,26,64,7,4,18,119,2.461538462,0.26,0.64,0.07,0.04,0.18
BAEA-AS20-2023-L-001,023,,,2,46.89504,-90.45067,6/13/23,2023,Michigan Island,ASHLAND,AS-20f,,0709-05615,33.5,M,12,Y,2.99,39.6,32.2,29.2,97,134,0,23CR000956,0,0,0,0,0,0,0,0,0,0,0,0,0,0,0,0,0.231,0,34.3,8.79,1.29,0.063,1.88,0,0,1.74,0,0,90,0.142,2.56,0,176,0,0,2.43,13.5,49.2,382.126,,,1.76716441,0.2929897,0.78887368,0.08067513,0.4464065,0.275,0.13333333,N,M,50,200,34,50,23,2,3,112,1.470588235,0.34,0.5,0.23,0.02,0.03
BAEA-AS20-2023-L-002,024,,,2,46.89504,-90.45067,6/13/23,2023,Michigan Island,ASHLAND,AS-20f,,0709-05616,35.2,F,12,Y,3.94,47,33.5,32.4,109,145,0.5,23CR000957,0,0,0,0,0,0,0,0,0,0,0,0,0,0,0,0,0.18,0,33.3,8.99,1.24,0.06,2.14,0,0,1.45,0,0,87.7,0.147,1.68,0,188,0,0,2.64,15.4,49.4,392.327,,,1.8925841,0.32973258,1.12452433,0.09091831,0.59417403,0.218,0.086,N,F,,,,,,,,,,,,,,
BAEA-AS106-2023-L-001,025,,,2,46.99135,-90.68461,6/13/23,2023,Otter Island SE,ASHLAND,AS-106,,0709-05617,42.3,F,12,Y,3.76,46.8,38.5,33.3,160,145,0,23CR000959,0,0,0,0,0,0,0,0,0,0,0,0,0,0,0,0,0.076,0,37.3,7.93,0.55,0.07,0.939,0,0,0.977,0,0,97.9,0.094,2.75,0,123,0,0,2.13,12.5,49.1,335.316,,,1.29143425,0.17024395,2.48968012,0.11302227,1.92784117,0.318,0.18966667,N,F,,,,,,,,,,,,,,
BAEA-AS106-2023-L-002,026,,,2,46.99135,-90.68461,6/13/23,2023,Otter Island SE,ASHLAND,AS-106,,0709-05618,46.1,M,12,Y,3.46,42.7,34.3,31.2,187,140,0,23CR000960,0,0,0,0,0,0,0,0,0,0,0,0,0,0,0,0,0.105,0,39.6,9.1,0.678,0.074,1.4,0,0,1.25,0,0,110,0.109,2.89,0,140,0,0,2.47,14.9,52.8,375.376,,,1.26106358,0.16350814,2.1248609,0.10574756,1.68497523,0.367,0.328,N,,30,~300,83,65,9,2,25,184,0.78313253,0.83,0.65,0.09,0.02,0.25
BAEA-BY100-2023-M-001,027,,,4,46.81950,-90.80685,6/14/23,2023,Dalrymple Park,BAYFIELD,BY-100a,,0709-05636,55.6,F,12,Y,4.5,49.9,40.7,32.6,255,160,1,23CR000969,0,0,0,0,0,0,0,0,0,0,0,0,0,0,0,0,0.093,0,29.6,5.85,0.679,0,0.98,0,0,0.875,0,0,75.3,0.104,1.65,0,128,0,0,1.98,11.2,36.9,293.211,0.02904386,0.02099241,1.36068467,0.18617371,1.22242465,0.09298573,0.89838937,0.337,0.081,N,F,40,250,65,70,18,1,0,154,1.076923077,0.65,0.7,0.18,0.01,0
BAEA-BY100-2023-S-001,028,,,4,46.81950,-90.80685,6/14/23,2023,Dalrymple Park,BAYFIELD,BY-100a,,0709-05637,54.2,F,12,Y,3.86,47.1,37,30.5,245,157,0.75,23CR000970,0,0,0,0,0,0,0,0,0,0,0,0,0,0,0,0,0.079,0,33.3,5.98,0.708,0,1.08,0,0,1.04,0,0,82.8,0.113,1.97,0,128,0,0,1.9,11.5,43.1,311.57,,,1.60360934,0.24755959,1.54313656,0.09807606,0.96228958,0.378,0.073,N,,,,,,,,,,,,,,,
BAEA-BY100-2023-E-001,029,,,4,46.81950,-90.80685,6/14/23,2023,Dalrymple Park,BAYFIELD,BY-100a,,0709-05638,50.3,F,12,Y,4.39,47.4,38,33.3,217,154,0,23CR000971,0,0,0,0,0,0,0,0,0,0,0,0,0,0,0,0,0.073,0,26.5,6.23,0.503,0,0.958,0,0,0.806,0,0,60.7,0.098,0.926,0,107,0,0,1.77,12.9,36.2,254.664,0.08184436,0.04446085,1.63131573,0.25504293,2.34426331,0.10972697,1.43703838,0.374,0.00866667,N,F,,,,,,,,,,,,,,
BAEA-BY94-2023-L-001,031,,,4,46.86861,-90.77350,6/14/23,2023,Red Cliff (N),BAYFIELD,BY-94,,0709-05619,51.5,F,12,Y,4.43,50,27.1,34.3,226,143,0,23CR000965,0,0,0,0,0,0,0,0,0,0,0,0,0,0,0,0,0.068,0,17,3.96,0.575,0,0.938,0,0,0.712,0,0,49.7,0.088,0.325,0,107,0,0,1.09,7.1,23.7,212.256,0.11713405,0.05656913,1.27615263,0.16683492,2.15096057,0.10616805,1.68550417,0.418,0.08433333,N,F,,,,,,,,,,,,,,
BAEA-BY94-2023-L-002,032,,,4,46.86861,-90.77350,6/14/23,2023,Red Cliff (N),BAYFIELD,BY-94,,0709-05620,54.5,M,12,Y,3.61,46.8,34.3,31.2,247,130,0,23CR000966,0,0,0,0,0,0,0,0,0,0,0,0,0,0,0,0,0.173,0,19.2,4,0.796,0,1.04,0,0,0.831,0,0,42,0.106,0.197,0,161,0,0,1.42,7.67,27.2,265.633,,,,,0.8826178,0.08413973,,0.390,0.04966667,N,,30,30034,42,19,0,2,,63,0.452380952,0.42,0.19,0,0.02,0
BAEA-WI9-2013-M-001,,BAEA_0148,,,44.19896667,-88.47475,23-May-13,2013,KIMBERLY CLARK,WINNEBAGO,WI-09,FRGB,629-445-92,,F,12,,4.05,43.7,34.3,31.2,134,141,0,,,,,,,,,,,,,,,,,,#N/A,#N/A,#N/A,#N/A,#N/A,#N/A,#N/A,#N/A,,#N/A,,,#N/A,,#N/A,,#N/A,#N/A,,#N/A,#N/A,#N/A,#N/A,,,,,,,,,,,F,,,,,,,,,,,,,,
BAEA-WI6-2013-M-001,,BAEA_0175,P_0006,,44.2237,-88.45665,23-May-13,2013,TAYCO ST.,WINNEBAGO,WI-06,FRGB,629-445-90,,M,12,,4.31,35.8,35.4,31.2,193,125,0,,,,,,,,,,,,,,,,,,#N/A,#N/A,#N/A,#N/A,#N/A,#N/A,#N/A,#N/A,,#N/A,,,#N/A,,#N/A,,#N/A,#N/A,,#N/A,#N/A,#N/A,#N/A,,,,,,,,0.2785,,,F,,,,,,,,,,,,,,
BAEA-WI6-2013-M-002,,BAEA_0177,,,44.2237,-88.45665,23-May-13,2013,TAYCO ST.,WINNEBAGO,WI-06,FRGB,629-445-91,,F,12,,4.5,45.8,36.4,31.2,192,137,0,,,,,,,,,,,,,,,,,,#N/A,#N/A,#N/A,#N/A,#N/A,#N/A,#N/A,#N/A,,#N/A,,,#N/A,,#N/A,,#N/A,#N/A,,#N/A,#N/A,#N/A,#N/A,,,,,,,,,,,F,,,,,,,,,,,,,,
BAEA-OU14-2013-M-001,,BAEA_0176,P_0007,,44.31358,-88.2061,23-May-13,2013,RAPID CROCHE DAM,OUTAGAMIE,OU-14,FRGB,629-445-93,,M,12,,3.49,42.7,34.3,29.1,201,128,0,,,,,,,,,,,,,,,,,,#N/A,#N/A,#N/A,#N/A,#N/A,#N/A,#N/A,#N/A,,#N/A,,,#N/A,,#N/A,,#N/A,#N/A,,#N/A,#N/A,#N/A,#N/A,,,,,,,,0.2145,,,M,,,,,,,,,,,,,,
BAEA-BR10-2013-M-001,,BAEA_0147,,,44.34446,-88.15527,24-May-13,2013,BEVERS,BROWN,BR10a,FRGB,629-445-96,,F,12,,4.02,44.7,37.4,31.2,164,137,0,,,,,,,,,,,,,,,,,,#N/A,#N/A,#N/A,#N/A,#N/A,#N/A,#N/A,#N/A,,#N/A,,,#N/A,,#N/A,,#N/A,#N/A,,#N/A,#N/A,#N/A,#N/A,,,,,,,,,,,F,,,,,,,,,,,,,,
BAEA-BR10-2013-M-002,,BAEA_0146,P_0001,,44.34446,-88.15527,24-May-13,2013,BEVERS,BROWN,BR10a,FRGB,629-445-97,,,12,,4.1,56.2,35.4,33.3,213,138,0,,,,,,,,,,,,,,,,,,#N/A,#N/A,#N/A,#N/A,#N/A,#N/A,#N/A,#N/A,,#N/A,,,#N/A,,#N/A,,#N/A,#N/A,,#N/A,#N/A,#N/A,#N/A,,,,,,,,0.288,,,,,,,,,,,,,,,,,
BAEA-MT7-2013-M-002,,BAEA_0149,,,45.0028,-87.68988333,25-May-13,2013,PESHTIGO RIVER,MARINETTE,MT-07,GBLM,629-44600,,F,12,,3.63,41.6,34.3,30.1,135,140,0,,,,,,,,,,,,,,,,,,#N/A,#N/A,#N/A,#N/A,#N/A,#N/A,#N/A,#N/A,,#N/A,,,#N/A,,#N/A,,#N/A,#N/A,,#N/A,#N/A,#N/A,#N/A,,,,,,,,,,,F,,,,,,,,,,,,,,
BAEA-MT17-2013-M-002,,BAEA_0139,,,45.1145,-87.64423,25-May-13,2013,BLUEBERRY ISLAND,MARINETTE,MT-17a,GBLM,629-43359,,M,12,,2.34,37.4,29.1,26,84,122,0,,,,,,,,,,,,,,,,,,#N/A,#N/A,#N/A,#N/A,#N/A,#N/A,#N/A,#N/A,,#N/A,,,#N/A,,#N/A,,#N/A,#N/A,,#N/A,#N/A,#N/A,#N/A,,,,,,,,,,,M,,,,,,,,,,,,,,
BAEA-DO14-2013-M-001,,BAEA_0144,P_0005,,45.22717,-86.98205,26-May-13,2013,NEWPORT,DOOR,DO-14,GBLM,629-43360,,M,12,,2.81,35.4,28.1,25,91,126,0,,,,,,,,,,,,,,,,,,#N/A,#N/A,#N/A,#N/A,#N/A,#N/A,#N/A,#N/A,,#N/A,,,#N/A,,#N/A,,#N/A,#N/A,,#N/A,#N/A,#N/A,#N/A,,,,,,,,0.089,,,M,,,,,,,,,,,,,,
BAEA-DO6-2013-M-002,,BAEA_0142,,,45.23521667,-87.03365,26-May-13,2013,ROWLEYS BAY,DOOR,DO-06a,GBLM,629-43362,,M,12,,3.48,40.6,33.3,28.1,187,126,0,,,,,,,,,,,,,,,,,,#N/A,#N/A,#N/A,#N/A,#N/A,#N/A,#N/A,#N/A,,#N/A,,,#N/A,,#N/A,,#N/A,#N/A,,#N/A,#N/A,#N/A,#N/A,,,,,,,,,,,M,,,,,,,,,,,,,,
BAEA-SB3-2013-M-001,,BAEA_0137,P_0010,,43.89223333,-87.73858333,27-May-13,2013,COUNTY LINE,SHEBOYGAN,SB-03,GBLM,629-43364,,M,12,,3.45,41.6,31.2,29.1,212,123,0,,,,,,,,,,,,,,,,,,#N/A,#N/A,#N/A,#N/A,#N/A,#N/A,#N/A,#N/A,,#N/A,,,#N/A,,#N/A,,#N/A,#N/A,,#N/A,#N/A,#N/A,#N/A,,,,,,,,0.0985,,,M,,,,,,,,,,,,,,
BAEA-SB3-2013-M-002,,BAEA_0140,P_0003,,43.89223333,-87.73858333,27-May-13,2013,COUNTY LINE,SHEBOYGAN,SB-03,GBLM,629-43365,,M,12,,3.41,41.6,32.2,28.1,175,128,0,,,,,,,,,,,,,,,,,,#N/A,#N/A,#N/A,#N/A,#N/A,#N/A,#N/A,#N/A,,#N/A,,,#N/A,,#N/A,,#N/A,#N/A,,#N/A,#N/A,#N/A,#N/A,,,,,,,,0.14,,,M,,,,,,,,,,,,,,
BAEA-SB3-2013-M-003,,BAEA_0136,,,43.89223333,-87.73858333,27-May-13,2013,COUNTY LINE,SHEBOYGAN,SB-03,GBLM,629-43366,,F,12,,4.06,42.7,32.3,29.2,130,136,0,,,,,,,,,,,,,,,,,,#N/A,#N/A,#N/A,#N/A,#N/A,#N/A,#N/A,#N/A,,#N/A,,,#N/A,,#N/A,,#N/A,#N/A,,#N/A,#N/A,#N/A,#N/A,,,,,,,,,,,F,,,,,,,,,,,,,,
BAEA-DO11-2013-M-001,,BAEA_0083,,,44.96613333,-87.32726667,15-Jun-13,2013,MONUMENT POINT ROAD,DOOR,DO-11,GBLM,629-43367,,M,12,,4.03,47.6,36.5,35.5,210,124,1,,,,,,,,,,,,,,,,,,#N/A,#N/A,#N/A,#N/A,#N/A,#N/A,#N/A,#N/A,,#N/A,,,#N/A,,#N/A,,#N/A,#N/A,,#N/A,#N/A,#N/A,#N/A,,,,,,,,,,,F,,,,,,,,,,,,,,
BAEA-DO11-2013-M-002,,BAEA_0088,P_0002,,44.96613333,-87.32726667,15-Jun-13,2013,MONUMENT POINT ROAD,DOOR,DO-11,GBLM,629-43368,,M,12,,3.36,46.1,34.7,30.8,214,123,0,,,,,,,,,,,,,,,,,,#N/A,#N/A,#N/A,#N/A,#N/A,#N/A,#N/A,#N/A,,#N/A,,,#N/A,,#N/A,,#N/A,#N/A,,#N/A,#N/A,#N/A,#N/A,,,,,,,,0.2335,,,M,,,,,,,,,,,,,,
BAEA-DO7-2013-M-002,,BAEA_0087,,,45.30848333,-86.95363333,15-Jun-13,2013,PLUM ISLAND,DOOR,DO-07,GBLM,629-43370,,M,12,,3.36,39.6,32.2,27.1,114,127,1,,,,,,,,,,,,,,,,,,#N/A,#N/A,#N/A,#N/A,#N/A,#N/A,#N/A,#N/A,,#N/A,,,#N/A,,#N/A,,#N/A,#N/A,,#N/A,#N/A,#N/A,#N/A,,,,,,,,,,,M,,,,,,,,,,,,,,
BAEA-DO7-2013-M-003,,BAEA_0082,P_0009,,45.30848333,-86.95363333,15-Jun-13,2013,PLUM ISLAND,DOOR,DO-07,GBLM,629-43372,,F,12,,4.05,45.8,35.4,31.2,141,139,1,,,,,,,,,,,,,,,,,,#N/A,#N/A,#N/A,#N/A,#N/A,#N/A,#N/A,#N/A,,#N/A,,,#N/A,,#N/A,,#N/A,#N/A,,#N/A,#N/A,#N/A,#N/A,,,,,,,,0.0935,,,F,,,,,,,,,,,,,,
BAEA-DO16-2013-M-001,,BAEA_0085,P_0008,,45.41278,-86.87595,16-Jun-13,2013,ULM,DOOR,DO-16a,GBLM,629-43373,,,7,,2.29,35.4,26,26,40,117,0,,,,,,,,,,,,,,,,,,#N/A,#N/A,#N/A,#N/A,#N/A,#N/A,#N/A,#N/A,,#N/A,,,#N/A,,#N/A,,#N/A,#N/A,,#N/A,#N/A,#N/A,#N/A,,,,,,,,0.126,,,M,,,,,,,,,,,,,,
BAEA-DO15-2013-M-002,,BAEA_0084,,,45.36311,-86.94135,16-Jun-13,2013,WEST HARBOR,DOOR,DO-15a,GBLM,629-43375,,F,12,,3.34,42.7,33.3,29.1,197,135,1,,,,,,,,,,,,,,,,,,#N/A,#N/A,#N/A,#N/A,#N/A,#N/A,#N/A,#N/A,,#N/A,,,#N/A,,#N/A,,#N/A,#N/A,,#N/A,#N/A,#N/A,#N/A,,,,,,,,,,,M,,,,,,,,,,,,,,
BAEA-VI142a-2014-M-001,,BAEA_0182,,,46.03436,-89.48292,15-Jun-14,2014,BIG STAR LAKE PENINSULA,VILAS,VI-142a,NHEL,629-433-78,,F,11,,4.06,43.7,34.3,30.2,139,134,1,,,,,,,,,,,,,,,,,,#N/A,#N/A,#N/A,#N/A,#N/A,#N/A,#N/A,#N/A,,#N/A,,,#N/A,,#N/A,,#N/A,#N/A,,#N/A,#N/A,#N/A,#N/A,,,,,,,,,,,M,,,,,,,,,,,,,,
BAEA-VI142a-2014-M-002,,BAEA_0192,,,46.03436,-89.48292,15-Jun-14,2014,BIG STAR LAKE PENINSULA,VILAS,VI-142a,NHEL,629-433-79,,M,6,,3.6,41.6,34.3,29.9,164,128,1,,,,,,,,,,,,,,,,,,#N/A,#N/A,#N/A,#N/A,#N/A,#N/A,#N/A,#N/A,,#N/A,,,#N/A,,#N/A,,#N/A,#N/A,,#N/A,#N/A,#N/A,#N/A,,,,,,,,,,,M,,,,,,,,,,,,,,
BAEA-ON150-2014-S-001,,BAEA_0124,,,45.89548,-89.52311,16-Jun-14,2014,PICKERAL LAKE NORTH,ONEIDA,ON-150,NHEL,629-433-85,,F,11,,4.08,46.9,36.3,33.4,188,139,0.5,,,,,,,,,,,,,,,,,,#N/A,#N/A,#N/A,#N/A,#N/A,#N/A,#N/A,#N/A,,#N/A,,,#N/A,,#N/A,,#N/A,#N/A,,#N/A,#N/A,#N/A,#N/A,,,,,,,,,,,F,,,,,,,,,,,,,,
BAEA-ON150-2014-S-002,,BAEA_0126,,,45.89548,-89.52311,16-Jun-14,2014,PICKERAL LAKE NORTH,ONEIDA,ON-150,NHEL,629-433-84,,M,11,,3.18,43.2,34.6,30.9,117,131,0.25,,,,,,,,,,,,,,,,,,#N/A,#N/A,#N/A,#N/A,#N/A,#N/A,#N/A,#N/A,,#N/A,,,#N/A,,#N/A,,#N/A,#N/A,,#N/A,#N/A,#N/A,#N/A,,,,,,,,,,,F,,,,,,,,,,,,,,
BAEA-ON007e-2014-M-002,,BAEA_0130,P_0014,,45.87956,-89.54097,16-Jun-14,2014,PICKERAL LAKE LANDING,ONEIDA,ON-007e,NHEL,629-433-83,,M,11,,3.63,47.9,33.3,30.2,276,125,0.5,,,,,,,,,,,,,,,,,,#N/A,#N/A,#N/A,#N/A,#N/A,#N/A,#N/A,#N/A,,#N/A,,,#N/A,,#N/A,,#N/A,#N/A,,#N/A,#N/A,#N/A,#N/A,,,,,,,,0.3585,,,M,,,,,,,,,,,,,,
BAEA-ON214-2014-S-001,,BAEA_0108,,,45.85747,-89.52634,17-Jun-14,2014,RAINBOW WEST,ONEIDA,ON-214,NHEL,629-433-86,,M,11,,3.48,42.4,30.2,31.4,182,124,0.25,,,,,,,,,,,,,,,,,,0.06,2.5,4.3,1.3,2.8,0.06,0.06,0.06,,0.06,,,2.7,,0.06,,27,0.06,,0.32,1.4,4.9,47.64,,,,,,,,,,,M,,,,,,,,,,,,,,
BAEA-ON214-2014-S-002,,BAEA_0128,P_024,,45.85747,-89.52634,17-Jun-14,2014,RAINBOW WEST,ONEIDA,ON-214,NHEL,629-433-87,,M,11,,3.42,41.4,30.2,30.1,202,131,0,,,,,,,,,,,,,,,,,,#N/A,#N/A,#N/A,#N/A,#N/A,#N/A,#N/A,#N/A,,#N/A,,,#N/A,,#N/A,,#N/A,#N/A,,#N/A,#N/A,#N/A,#N/A,,,,,,,,0.434,,,M,,,,,,,,,,,,,,
BAEA-ON97b-2014-S-001,,BAEA_0109,,,45.82948,-89.49512,17-Jun-14,2014,SWAMP CREEK,ONEIDA,ON-97b,NHEL,629-433-88,,M,11,,3.9,44.1,33.7,31.6,203,132,1,,,,,,,,,,,,,,,,,,0.06,2.5,3.9,1.4,2.8,0.06,0.12,0.06,,0.06,,,2.2,,0.06,,35,0.06,,0.48,2.1,5.9,56.76,,,,,,,,,,,,,,,,,,,,,,,,,
BAEA-ON97b-2014-S-002,,BAEA_0135,P_0018,,45.82948,-89.49512,17-Jun-14,2014,SWAMP CREEK,ONEIDA,ON-97b,NHEL,629-433-89,,F,11,,3.96,45.2,34.8,34.5,168,144,1,,,,,,,,,,,,,,,,,,#N/A,#N/A,#N/A,#N/A,#N/A,#N/A,#N/A,#N/A,,#N/A,,,#N/A,,#N/A,,#N/A,#N/A,,#N/A,#N/A,#N/A,#N/A,,,,,,,,0.3505,,,F,,,,,,,,,,,,,,
BAEA-ONRB-2014-M-001,,BAEA_0110,,,45.83753,-89.52855,17-Jun-14,2014,RAINBOW SOUTH,ONEIDA,ON-RB,NHEL,629-452-71,,M,11,,3.19,40.6,30.2,29.1,96,124,0,,,,,,,,,,,,,,,,,,#N/A,#N/A,#N/A,#N/A,#N/A,#N/A,#N/A,#N/A,,#N/A,,,#N/A,,#N/A,,#N/A,#N/A,,#N/A,#N/A,#N/A,#N/A,,,,,,,,,,,F,,,,,,,,,,,,,,
BAEA-VI152a-2014-S-002,,BAEA_0103,P_0020,,45.90997,-89.6125,17-Jun-14,2014,LITTLE ARBOR VITAE LAKE,VILAS,VI-152a,NHEL,629-433-92*,,M,11,,3.26,43.3,31.8,31.3,165,131,0.25,,,,,,,,,,,,,,,,,,#N/A,#N/A,#N/A,#N/A,#N/A,#N/A,#N/A,#N/A,,#N/A,,,#N/A,,#N/A,,#N/A,#N/A,,#N/A,#N/A,#N/A,#N/A,,,,,,,,0.485,,,M,,,,,,,,,,,,,,
BAEA-BY48x-2014-M-001,,BAEA_0113,P_025,,46.69699,90.85305,18-Jun-14,2014,HOUGHTON POINT,BAYFIELD,BY-48x,LSSS,629-433-93,,M,11,,4.53,47.6,31.8,31.4,176,135,0,,,,,,,,,,,,,,,,,,#N/A,#N/A,#N/A,#N/A,#N/A,#N/A,#N/A,#N/A,,#N/A,,,#N/A,,#N/A,,#N/A,#N/A,,#N/A,#N/A,#N/A,#N/A,,,,,,,,0.293,,,F,,,,,,,,,,,,,,
BAEA-BY95-2014-M-001,,BAEA_0114,P_0019,,46.728404,-90.873649,18-Jun-14,2014,SIOUX RIVER,BAYFIELD,BY-95,LSSS,629-433-94,,M,11,,3.38,44.5,33.9,29.6,204,136,0.25,,,,,,,,,,,,,,,,,,#N/A,#N/A,#N/A,#N/A,#N/A,#N/A,#N/A,#N/A,,#N/A,,,#N/A,,#N/A,,#N/A,#N/A,,#N/A,#N/A,#N/A,#N/A,,,,,,,,0.2305,,,M,,,,,,,,,,,,,,
BAEA-BY29a-2014-S-001,,BAEA_0118,,,46.65028,-90.94,18-Jun-14,2014,BARKSDALE,BAYFIELD,BY-29a,LSSS,629-433-95,,,11,,4.78,52.2,39.4,34.8,324,,0,,,,,,,,,,,,,,,,,,#N/A,#N/A,#N/A,#N/A,#N/A,#N/A,#N/A,#N/A,,#N/A,,,#N/A,,#N/A,,#N/A,#N/A,,#N/A,#N/A,#N/A,#N/A,,,,,,,,,,,,,,,,,,,,,,,,,
BAEA-BY31b-2014-M-001,,BAEA_0104,P_0012,,46.66925,-90.933917,18-Jun-14,2014,WASHBURN CLEARCUT,BAYFIELD,BY-31b,LSSS,629-452-77,,F,11,,4.4,46.8,36.4,33.3,185,139,0,,,,,,,,,,,,,,,,,,#N/A,#N/A,#N/A,#N/A,#N/A,#N/A,#N/A,#N/A,,#N/A,,,#N/A,,#N/A,,#N/A,#N/A,,#N/A,#N/A,#N/A,#N/A,,,,,,,,0.41,,,F,,,,,,,,,,,,,,
BAEA-BY31b-2014-M-002,,BAEA_0119,,,46.66925,-90.933917,18-Jun-14,2014,WASHBURN CLEARCUT,BAYFIELD,BY-31b,LSSS,629-452-78,,M,11,,3.36,43.7,34.3,31.2,171,130,0,,,,,,,,,,,,,,,,,,#N/A,#N/A,#N/A,#N/A,#N/A,#N/A,#N/A,#N/A,,#N/A,,,#N/A,,#N/A,,#N/A,#N/A,,#N/A,#N/A,#N/A,#N/A,,,,,,,,,,,M,,,,,,,,,,,,,,
BAEA-BY45a-2014-M-001,,BAEA_0117,P_0023,,46.82529,91.31525,18-Jun-14,2014,HERBSTER,BAYFIELD,BY-45a,LSSS,629-452-79,,M,11,,4.22,47.8,35.4,33.3,192,137,,,,,,,,,,,,,,,,,,,#N/A,#N/A,#N/A,#N/A,#N/A,#N/A,#N/A,#N/A,,#N/A,,,#N/A,,#N/A,,#N/A,#N/A,,#N/A,#N/A,#N/A,#N/A,,,,,,,,0.0895,,,,,,,,,,,,,,,,,
BAEA-BY45a-2014-M-002,,BAEA_0122,P_0011,,46.82529,91.31525,18-Jun-14,2014,HERBSTER,BAYFIELD,BY-45a,LSSS,629-452-80,,M,11,,3.5,44.7,33.3,29.1,215,128,,,,,,,,,,,,,,,,,,,#N/A,#N/A,#N/A,#N/A,#N/A,#N/A,#N/A,#N/A,,#N/A,,,#N/A,,#N/A,,#N/A,#N/A,,#N/A,#N/A,#N/A,#N/A,,,,,,,,0.0805,,,M,,,,,,,,,,,,,,
BAEA-BY32c-2014-S-001,,BAEA_0115,P_0021,,46.79122,-91.40061,19-Jun-14,2014,PORT WING WEST,BAYFIELD,BY-32c,LSSS,629-433-96,,M,11,,3.53,44,32.5,29.9,172,129,0.25,,,,,,,,,,,,,,,,,,#N/A,#N/A,#N/A,#N/A,#N/A,#N/A,#N/A,#N/A,,#N/A,,,#N/A,,#N/A,,#N/A,#N/A,,#N/A,#N/A,#N/A,#N/A,,,,,,,,0.1685,,,M,,,,,,,,,,,,,,
BAEA-BY32c-2014-S-002,,BAEA_0106,,,46.79122,-91.40061,19-Jun-14,2014,PORT WING WEST,BAYFIELD,BY-32c,LSSS,629-433-97,,F,11,,4,44.8,35.6,32.7,139,147,0,,,,,,,,,,,,,,,,,,#N/A,#N/A,#N/A,#N/A,#N/A,#N/A,#N/A,#N/A,,#N/A,,,#N/A,,#N/A,,#N/A,#N/A,,#N/A,#N/A,#N/A,#N/A,,,,,,,,,,,F,,,,,,,,,,,,,,
BAEA-DU51b-2014-S-001,,BAEA_0107,P_0017,,46.69064,-91.87106,19-Jun-14,2014,AMNICON RIVER,DOUGLAS,DU-51b,LSSS,629-433-98,,M,7,,3.5,43.9,33.7,28.5,191,127,0.75,,,,,,,,,,,,,,,,,,#N/A,#N/A,#N/A,#N/A,#N/A,#N/A,#N/A,#N/A,,#N/A,,,#N/A,,#N/A,,#N/A,#N/A,,#N/A,#N/A,#N/A,#N/A,,,,,,,,0.152,,,M,,,,,,,,,,,,,,
BAEA-DU51b-2014-S-002,,BAEA_0120,P_027,,46.69064,-91.87106,19-Jun-14,2014,AMNICON RIVER,DOUGLAS,DU-51b,LSSS,629-433-99,,F,6,,4.44,46,35.1,32.7,161,143,1,,,,,,,,,,,,,,,,,,#N/A,#N/A,#N/A,#N/A,#N/A,#N/A,#N/A,#N/A,,#N/A,,,#N/A,,#N/A,,#N/A,#N/A,,#N/A,#N/A,#N/A,#N/A,,,,,,,,0.1625,,,F,,,,,,,,,,,,,,
BAEA-DU75a-2014-M-001,,BAEA_0116,,,46.69624,91.78246,19-Jun-14,2014,POPLAR CREEK,DOUGLAS,DU-75a,LSSS,629-452-84,,F,11,,3.9,44.8,34.4,30.2,165,141,0.25,,,,,,,,,,,,,,,,,,#N/A,#N/A,#N/A,#N/A,#N/A,#N/A,#N/A,#N/A,,#N/A,,,#N/A,,#N/A,,#N/A,#N/A,,#N/A,#N/A,#N/A,#N/A,,,,,,,,,,,F,,,,,,,,,,,,,,
BAEA-DU25c-2014-M-001,,BAEA_0111,P_0016,,46.675194,-92.180722,19-Jun-14,2014,POKEGAMA BAY,DOUGLAS,DU-25c,LSSS,629-452-82,,F,8,,3.7,43.7,36.4,31.2,172,142,0.5,,,,,,,,,,,,,,,,,,#N/A,#N/A,#N/A,#N/A,#N/A,#N/A,#N/A,#N/A,,#N/A,,,#N/A,,#N/A,,#N/A,#N/A,,#N/A,#N/A,#N/A,#N/A,,,,,,,,0.3525,,,F,,,,,,,,,,,,,,
BAEA-DU25c-2014-M-002,,BAEA_0123,,,46.675194,-92.180722,19-Jun-14,2014,POKEGAMA BAY,DOUGLAS,DU-25c,LSSS,629-452-83,,M,11,,3.28,43.7,35.4,30.2,211,126,1,,,,,,,,,,,,,,,,,,#N/A,#N/A,#N/A,#N/A,#N/A,#N/A,#N/A,#N/A,,#N/A,,,#N/A,,#N/A,,#N/A,#N/A,,#N/A,#N/A,#N/A,#N/A,,,,,,,,,,,M,,,,,,,,,,,,,,
BAEA-IO15a-2015-S-001,,BAEA_0047,,,43.14927,-90.04276,18-May-15,2015,HOUSE ON THE ROCK,IOWA,IO-15a,LWSR,0679-00101,,,9,,2.96,39.5,30.6,29.1,53,136,0,,,,,,,,,,,,,,,,,,#N/A,#N/A,#N/A,#N/A,#N/A,#N/A,#N/A,#N/A,,#N/A,,,#N/A,,#N/A,,#N/A,#N/A,,#N/A,#N/A,#N/A,#N/A,,,,,,,,,,,,,,,,,,,,,,,,,
BAEA-IO01b-2015-002,,,,,43.1518,-90.076,18-May-15,2015,SPRING GREEN,IOWA,IO-01b,LWSR,0679-00104,,M,11,,3.51,39.2,35.5,30.7,195,137,0.5,,,,,,,,,,,,,,,,,,#N/A,#N/A,#N/A,#N/A,#N/A,#N/A,#N/A,#N/A,,#N/A,,,#N/A,,#N/A,,#N/A,#N/A,,#N/A,#N/A,#N/A,#N/A,,,,,,,,,,,,,,,,,,,,,,,,,
BAEA-SK16a-2015-002,,,,,43.15417,-90.19268,18-May-15,2015,LONE ROCK,IOWA,SK-16a,LWSR,0679-00106,,M,11,,3.11,41.1,32,30.4,158,128,0,,,,,,,,,,,,,,,,,,#N/A,#N/A,#N/A,#N/A,#N/A,#N/A,#N/A,#N/A,,#N/A,,,#N/A,,#N/A,,#N/A,#N/A,,#N/A,#N/A,#N/A,#N/A,,,,,,,,,,,,,,,,,,,,,,,,,
BAEA-IO08-2015-001,,BAEA_0040,,,43.20593337,-90.3204834,19-May-15,2015,AVOCA PRAIRIE,IOWA,IO-08,LWSR,0679-00108,,M,11,,3.7,44.6,33.4,31.3,272,135,0,,,,,,,,,,,,,,,,,,#N/A,#N/A,#N/A,#N/A,#N/A,#N/A,#N/A,#N/A,,#N/A,,,#N/A,,#N/A,,#N/A,#N/A,,#N/A,#N/A,#N/A,#N/A,,,,,,,,,,,M,,,,,,,,,,,,,,
BAEA-IO20a-2015-001,,BAEA_0039,,,43.20528,-90.29386,19-May-15,2015,AVOCA 2,IOWA,IO-20a,LWSR,0679-00109,,F,11,,4.86,50.8,36,35.5,225,146,0.25,,,,,,,,,,,,,,,,,,#N/A,#N/A,#N/A,#N/A,#N/A,#N/A,#N/A,#N/A,,#N/A,,,#N/A,,#N/A,,#N/A,#N/A,,#N/A,#N/A,#N/A,#N/A,,,,,,,,,,,,,,,,,,,,,,,,,
BAEA-IO20a-2015-002,,,,,43.20528,-90.29386,19-May-15,2015,AVOCA 2,IOWA,IO-20a,LWSR,0679-00110,,M,3,,4.14,45.9,35.9,31.5,256,139,0.25,,,,,,,,,,,,,,,,,,#N/A,#N/A,#N/A,#N/A,#N/A,#N/A,#N/A,#N/A,,#N/A,,,#N/A,,#N/A,,#N/A,#N/A,,#N/A,#N/A,#N/A,#N/A,,,,,,,,,,,,,,,,,,,,,,,,,
BAEA-GR10a-2015-001,,BAEA_0038,,,43.19991,-90.47134,20-May-15,2015,MUSCODA 2,GRANT,GR-10a,LWSR,0679-00111,,F,11,,4.47,48.5,37.9,32.2,211,140,0.5,,,,,,,,,,,,,,,,,,#N/A,#N/A,#N/A,#N/A,#N/A,#N/A,#N/A,#N/A,,#N/A,,,#N/A,,#N/A,,#N/A,#N/A,,#N/A,#N/A,#N/A,#N/A,,,,,,,,,,,,,,,,,,,,,,,,,
BAEA-GR10a-2015-003,,BAEA_0049,P_032,,43.19991,-90.47134,20-May-15,2015,MUSCODA 2,GRANT,GR-10a,LWSR,0679-00113,,F,11,,4.64,51.3,38.5,34,279,144,0,,,,,,,,,,,,,,,,,,#N/A,#N/A,#N/A,#N/A,#N/A,#N/A,#N/A,#N/A,,#N/A,,,#N/A,,#N/A,,#N/A,#N/A,,#N/A,#N/A,#N/A,#N/A,,,,,,,,0.233,,,F,,,,,,,,,,,,,,
BAEA-GR50-2015-001,,BAEA_0032,P_030,,43.1964,-90.59353,20-May-15,2015,COUMBE ISLAND,GRANT,GR-50,LWSR,0679-00114,,F,11,,4.57,49.3,37.2,34.3,238,145,1,,,,,,,,,,,,,,,,,,#N/A,#N/A,#N/A,#N/A,#N/A,#N/A,#N/A,#N/A,,#N/A,,,#N/A,,#N/A,,#N/A,#N/A,,#N/A,#N/A,#N/A,#N/A,,,,,,,,0.192,,,F,,,,,,,,,,,,,,
BAEA-RI07-2015-002,,BAEA_0033,,,43.19298,-90.65324,20-May-15,2015,STONE FARM,RICHLAND,RI-07,LWSR,0679-00117,,M,8,,3.72,42.6,33.7,29.5,240,131,0.25,,,,,,,,,,,,,,,,,,#N/A,#N/A,#N/A,#N/A,#N/A,#N/A,#N/A,#N/A,,#N/A,,,#N/A,,#N/A,,#N/A,#N/A,,#N/A,#N/A,#N/A,#N/A,,,,,,,,,,,M,,,,,,,,,,,,,,
BAEA-RI07-2015-003,,BAEA_0036,,,43.19298,-90.65324,20-May-15,2015,STONE FARM,RICHLAND,RI-07,LWSR,0679-00118,,M,11,,4.03,46,34.8,31.4,285,133,0.75,,,,,,,,,,,,,,,,,,#N/A,#N/A,#N/A,#N/A,#N/A,#N/A,#N/A,#N/A,,#N/A,,,#N/A,,#N/A,,#N/A,#N/A,,#N/A,#N/A,#N/A,#N/A,,,,,,,,,,,M,,,,,,,,,,,,,,
BAEA-CR13-2015-001,,BAEA_0058,P_035,,43.07684002,-90.88126018,21-May-15,2015,WAUZEKA 4,CRAWFORD,CR-13,LWSR,0679-00119,,F,11,,4,45.4,37.4,32.1,178,154,0,,,,,,,,,,,,,,,,,,#N/A,#N/A,#N/A,#N/A,#N/A,#N/A,#N/A,#N/A,,#N/A,,,#N/A,,#N/A,,#N/A,#N/A,,#N/A,#N/A,#N/A,#N/A,,,,,,,,0.162,,,F,,,,,,,,,,,,,,
BAEA-CR13-2015-002,,BAEA_0056,,,43.07684002,-90.88126018,21-May-15,2015,WAUZEKA 4,CRAWFORD,CR-13,LWSR,0679-00120,,F,10,,3.88,45.7,36.2,31,153,140,0,,,,,,,,,,,,,,,,,,#N/A,#N/A,#N/A,#N/A,#N/A,#N/A,#N/A,#N/A,,#N/A,,,#N/A,,#N/A,,#N/A,#N/A,,#N/A,#N/A,#N/A,#N/A,,,,,,,,,,,F,,,,,,,,,,,,,,
BAEA-CR03-2015-002,,BAEA_0037,P_031,,42.9962502,-91.08790002,22-May-15,2015,BRIDGEPORT,CRAWFORD,CR-03,LWSR,0679-00122,,M,10,,4.53,44.5,35.5,30.9,209,138,0,,,,,,,,,,,,,,,,,,#N/A,#N/A,#N/A,#N/A,#N/A,#N/A,#N/A,#N/A,,#N/A,,,#N/A,,#N/A,,#N/A,#N/A,,#N/A,#N/A,#N/A,#N/A,,,,,,,,0.3005,,,F,,,,,,,,,,,,,,
BAEA-SK19-2015-002,,BAEA_0023,P_52,,43.305194,-89.744225,27-May-15,2015,CULVERS,SAUK,SK-19,LWSR,629-45286,,F,11,,5.15,51,38.5,35.1,274,151,0,,,,,,,,,,,,,,,,,,#N/A,#N/A,#N/A,#N/A,#N/A,#N/A,#N/A,#N/A,,#N/A,,,#N/A,,#N/A,,#N/A,#N/A,,#N/A,#N/A,#N/A,#N/A,,,,,,,,0.164,,,F,,,,,,,,,,,,,,
BAEA-JU11-2015-001,,BAEA_0020,,,43.6915,-89.8243,28-May-15,2015,LOUIE BLUFF,JUNEAU,JU-11,MDWR,629-45288,,M,11,,3.13,40.8,30.6,30.4,125,134,0,,,,,,,,,,,,,,,,,,#N/A,#N/A,#N/A,#N/A,#N/A,#N/A,#N/A,#N/A,,#N/A,,,#N/A,,#N/A,,#N/A,#N/A,,#N/A,#N/A,#N/A,#N/A,,,,,,,,,,,M,,,,,,,,,,,,,,
BAEA-CO10-2015-001,,BAEA_0026,,,43.548,-89.592,28-May-15,2015,PINE ISLAND 3,COLUMBIA,CO-10,LWSR,0679-00123,,F,10.5,,4.46,48.9,39.5,23.3,262,146,0,,,,,,,,,,,,,,,,,,#N/A,#N/A,#N/A,#N/A,#N/A,#N/A,#N/A,#N/A,,#N/A,,,#N/A,,#N/A,,#N/A,#N/A,,#N/A,#N/A,#N/A,#N/A,,,,,,,,,,,F,,,,,,,,,,,,,,
BAEA-CO10-2015-002,,BAEA_0027,P_046,,43.548,-89.592,28-May-15,2015,PINE ISLAND 3,COLUMBIA,CO-10,LWSR,0679-00124,,M,10.5,,3.64,45.8,35.4,30.2,255,129,0,,,,,,,,,,,,,,,,,,#N/A,#N/A,#N/A,#N/A,#N/A,#N/A,#N/A,#N/A,,#N/A,,,#N/A,,#N/A,,#N/A,#N/A,,#N/A,#N/A,#N/A,#N/A,,,,,,,,0.2665,,,M,,,,,,,,,,,,,,
BAEA-AD06a-2015-001,,BAEA_0008,,,43.87325,-89.8519,28-May-15,2015,LONE ROCK,ADAMS,AD-06a,MDWR,0679-00125,,F,10.5,,4.76,51,39.5,35.4,212,147,0,,,,,,,,,,,,,,,,,,#N/A,#N/A,#N/A,#N/A,#N/A,#N/A,#N/A,#N/A,,#N/A,,,#N/A,,#N/A,,#N/A,#N/A,,#N/A,#N/A,#N/A,#N/A,,,,,,,,,,,F,,,,,,,,,,,,,,
BAEA-JU14-2015-002,,BAEA_0025,P_53,,44.05141,-90.02748,28-May-15,2015,PETENWELL DAM,JUNEAU,JU-14,MDWR,0679-00127,,M,10.5,,3.79,46.8,35.4,31.2,245,138,0.25,,,,,,,,,,,,,,,,,,#N/A,#N/A,#N/A,#N/A,#N/A,#N/A,#N/A,#N/A,,#N/A,,,#N/A,,#N/A,,#N/A,#N/A,,#N/A,#N/A,#N/A,#N/A,,,,,,,,0.183,,,M,,,,,,,,,,,,,,
BAEA-MR13a-2015-002,,BAEA_0017,,,45.00627,-89.63016,29-May-15,2015,MINO'S,MARATHON,MR-13a,MDWR,0679-00129,,F,11,,3.8,45.8,35.4,31.2,214,142,0,,,,,,,,,,,,,,,,,,#N/A,#N/A,#N/A,#N/A,#N/A,#N/A,#N/A,#N/A,,#N/A,,,#N/A,,#N/A,,#N/A,#N/A,,#N/A,#N/A,#N/A,#N/A,,,,,,,,,,,F,,,,,,,,,,,,,,
BAEA-WO08-2015-002,,BAEA_0015,P_051,,44.31643,-89.88423,29-May-15,2015,NEKOOSA,WOOD,WO-08,MDWR,629-45292,,F,11,,5.11,50,40.8,37.2,272,147,0.5,,,,,,,,,,,,,,,,,,#N/A,#N/A,#N/A,#N/A,#N/A,#N/A,#N/A,#N/A,,#N/A,,,#N/A,,#N/A,,#N/A,#N/A,,#N/A,#N/A,#N/A,#N/A,,,,,,,,0.1505,,,F,,,,,,,,,,,,,,
BAEA-WO02f-2015-002,,BAEA_0013,P_048,,44.24388,-89.8887,29-May-15,2015,DEVIL'S ELBOW,WOOD,WO-02f,MDWR,629-45295,,F,11,,4.61,51.1,39.1,38.1,268,149,,,,,,,,,,,,,,,,,,,#N/A,#N/A,#N/A,#N/A,#N/A,#N/A,#N/A,#N/A,,#N/A,,,#N/A,,#N/A,,#N/A,#N/A,,#N/A,#N/A,#N/A,#N/A,,,,,,,,0.225,,,F,,,,,,,,,,,,,,
BAEA-MR11b-2015-001,,BAEA_0029,,,44.87638,-89.63917,30-May-15,2015,CEDAR CREEK,MARATHON,MR-11b,MDWR,0679-00131,,M,11,,3.45,43.7,34.3,30.2,237,124,0,,,,,,,,,,,,,,,,,,#N/A,#N/A,#N/A,#N/A,#N/A,#N/A,#N/A,#N/A,,#N/A,,,#N/A,,#N/A,,#N/A,#N/A,,#N/A,#N/A,#N/A,#N/A,,,,,,,,,,,M,,,,,,,,,,,,,,
BAEA-MR21-2015-001,,BAEA_0006,P_047,,44.78639,-89.70878,30-May-15,2015,HALF MOOK LAKE 2,MARATHON,MR-21,MDWR,629-45296,,M,11,,2.73,39.1,32,28.2,147,125,0.25,,,,,,,,,,,,,,,,,,#N/A,#N/A,#N/A,#N/A,#N/A,#N/A,#N/A,#N/A,,#N/A,,,#N/A,,#N/A,,#N/A,#N/A,,#N/A,#N/A,#N/A,#N/A,,,,,,,,0.1945,,,,,,,,,,,,,,,,,
BAEA-MR23-2015-001,,BAEA_0003,,,44.80794,-89.71907,30-May-15,2015,CEMETARY SLOUGH,MARATHON,MR-23,MDWR,0679-00132,,M,11,,3.74,41.6,33.3,28.1,192,133,1,,,,,,,,,,,,,,,,,,#N/A,#N/A,#N/A,#N/A,#N/A,#N/A,#N/A,#N/A,,#N/A,,,#N/A,,#N/A,,#N/A,#N/A,,#N/A,#N/A,#N/A,#N/A,,,,,,,,,,,,,,,,,,,,,,,,,
BAEA-LI24-2015-002,,BAEA_0012,,,45.183615,-89.730999,31-May-15,2015,COUNCIL GROUNDS,LINCOLN,LI-24,UPWR,0679-00134,,M,9,,2.08,32.5,29.1,27,87,121,1,,,,,,,,,,,,,,,,,,#N/A,#N/A,#N/A,#N/A,#N/A,#N/A,#N/A,#N/A,,#N/A,,,#N/A,,#N/A,,#N/A,#N/A,,#N/A,#N/A,#N/A,#N/A,,,,,,,,,,,M,,,,,,,,,,,,,,
BAEA-LI11a-2015-001,,BAEA_0018,P_041,,45.217552,-89.779109,31-May-15,2015,ALEXANDER FLOWAGE,LINCOLN,LI-11a,UPWR,629-45298,,,8,,2.92,39.6,29,28.9,75,130,0,,,,,,,,,,,,,,,,,,#N/A,#N/A,#N/A,#N/A,#N/A,#N/A,#N/A,#N/A,,#N/A,,,#N/A,,#N/A,,#N/A,#N/A,,#N/A,#N/A,#N/A,#N/A,,,,,,,,0.2955,,,F,,,,,,,,,,,,,,
BAEA-ON007e-2015-001,,BAEA_0030,P_039,,45.87956,-89.54097,31-May-15,2015,PICKERAL LAKE LANDING,ONEIDA,ON-007e,UPWR,629-45299,,M,11,,2.37,38.1,29.9,25.6,129,123,0,,,,,,,,,,,,,,,,,,#N/A,#N/A,#N/A,#N/A,#N/A,#N/A,#N/A,#N/A,,#N/A,,,#N/A,,#N/A,,#N/A,#N/A,,#N/A,#N/A,#N/A,#N/A,,,,,,,,0.4205,,,M,,,,,,,,,,,,,,
BAEA-ON007e-2015-002,,BAEA_0021,,,45.87956,-89.54097,31-May-15,2015,PICKERAL LAKE LANDING,ONEIDA,ON-007e,UPWR,629-45300,,M,11,,3.45,44,34.6,29.3,201,129,0.25,,,,,,,,,,,,,,,,,,#N/A,#N/A,#N/A,#N/A,#N/A,#N/A,#N/A,#N/A,,#N/A,,,#N/A,,#N/A,,#N/A,#N/A,,#N/A,#N/A,#N/A,#N/A,,,,,,,,,,,M,,,,,,,,,,,,,,
BAEA-ON39e-2015-001,,BAEA_0011,P_043,,45.809284,-89.539909,31-May-15,2015,RAINBOW RAPIDS,ONEIDA,ON-39e,UPWR,0679-00135,,F,11,,3.34,42.7,34.4,30.2,142,148,0.25,,,,,,,,,,,,,,,,,,#N/A,#N/A,#N/A,#N/A,#N/A,#N/A,#N/A,#N/A,,#N/A,,,#N/A,,#N/A,,#N/A,#N/A,,#N/A,#N/A,#N/A,#N/A,,,,,,,,0.376,,,F,,,,,,,,,,,,,,
BAEA-ON39e-2015-002,,BAEA_0019,,,45.809284,-89.539909,31-May-15,2015,RAINBOW RAPIDS,ONEIDA,ON-39e,UPWR,0679-00136,,M,11,,2.55,38.5,29.2,27.1,113,135,0.25,,,,,,,,,,,,,,,,,,#N/A,#N/A,#N/A,#N/A,#N/A,#N/A,#N/A,#N/A,,#N/A,,,#N/A,,#N/A,,#N/A,#N/A,,#N/A,#N/A,#N/A,#N/A,,,,,,,,,,,M,,,,,,,,,,,,,,
BAEA-MR2g-2015-001,,BAEA_0044,P_58,,44.7642,-89.82598,1-Jun-15,2015,BIG EAU PLEINE,MARATHON,MR-02g,,629-45281,,M,11,,3.42,40.7,31,32.2,168,127,1,,,,,,,,,,,,,,,,,,#N/A,#N/A,#N/A,#N/A,#N/A,#N/A,#N/A,#N/A,,#N/A,,,#N/A,,#N/A,,#N/A,#N/A,,#N/A,#N/A,#N/A,#N/A,,,,,,,,0.15,,,M,,,,,,,,,,,,,,
BAEA-MR5c-2015-001,,BAEA_0046,P_045,,44.75013,-89.92156,1-Jun-15,2015,BIG EAU PLEINE,MARATHON,MR-05c,,0679-00147,,M,11,,2.86,36.3,30,27.6,99,126,0.25,,,,,,,,,,,,,,,,,,#N/A,#N/A,#N/A,#N/A,#N/A,#N/A,#N/A,#N/A,,#N/A,,,#N/A,,#N/A,,#N/A,#N/A,,#N/A,#N/A,#N/A,#N/A,,,,,,,,0.1755,,,,,,,,,,,,,,,,,
BAEA-MR5c-2015-002,,BAEA_0042,P_040,,44.75013,-89.92156,1-Jun-15,2015,BIG EAU PLEINE,MARATHON,MR-05c,,0679-00148,,M,11,,3.21,39.7,32.2,30.5,150,130,0.5,,,,,,,,,,,,,,,,,,#N/A,#N/A,#N/A,#N/A,#N/A,#N/A,#N/A,#N/A,,#N/A,,,#N/A,,#N/A,,#N/A,#N/A,,#N/A,#N/A,#N/A,#N/A,,,,,,,,0.181,,,,,,,,,,,,,,,,,
BAEA-MR5c-2015-003,,BAEA_0043,P_044,,44.75013,-89.92156,1-Jun-15,2015,BIG EAU PLEINE,MARATHON,MR-05c,,0679-00149,,M,11,,3.11,39.4,30.9,27.9,127,126,1,,,,,,,,,,,,,,,,,,#N/A,#N/A,#N/A,#N/A,#N/A,#N/A,#N/A,#N/A,,#N/A,,,#N/A,,#N/A,,#N/A,#N/A,,#N/A,#N/A,#N/A,#N/A,,,,,,,,0.1315,,,M,,,,,,,,,,,,,,
BAEA-ON21O-2015-001,,BAEA_0002,,,45.701413,-89.505235,1-Jun-15,2015,B. HAGGERTY,ONEIDA,ON-210,UPWR,0679-00138,,M,10.5,,2.91,39.5,32.3,28.1,117,135,0.75,,,,,,,,,,,,,,,,,,#N/A,#N/A,#N/A,#N/A,#N/A,#N/A,#N/A,#N/A,,#N/A,,,#N/A,,#N/A,,#N/A,#N/A,,#N/A,#N/A,#N/A,#N/A,,,,,,,,,,,M,,,,,,,,,,,,,,
BAEA-BR1a-2016-S-002,,BAEA_0091,P_64,,44.54043333,-88.11866667,16-May-16,2016,Duck Creek,BROWN,BR-01a,FRGB,0679-00151,,F,10,,4.04,45.2,37.4,31,162,143,0,,,,,,,,,,,,,,,,,,#N/A,#N/A,#N/A,#N/A,#N/A,#N/A,#N/A,#N/A,,#N/A,,,#N/A,,#N/A,,#N/A,#N/A,,#N/A,#N/A,#N/A,#N/A,,,,,,,,0.225,,,F,,,,,,,,,,,,,,
BAEA-BR1a-2016-S-003,,BAEA_0090,,,44.54043333,-88.11866667,16-May-16,2016,Duck Creek,BROWN,BR-01a,FRGB,0679-00152,,M,11,,3.76,44.1,34.6,32.5,243,128,0.25,,,,,,,,,,,,,,,,,,#N/A,#N/A,#N/A,#N/A,#N/A,#N/A,#N/A,#N/A,,#N/A,,,#N/A,,#N/A,,#N/A,#N/A,,#N/A,#N/A,#N/A,#N/A,,,,,,,,,,,M,,,,,,,,,,,,,,
BAEA-KE2-2016-S-002,,BAEA_0089,P_60,,44.65755,-87.4621,16-May-16,2016,Ahnapee Creek,KEWAUNEE,KE-02,GBLM,0679-00154,,M,11,,3.68,42.4,33.6,29.8,182,132,1,,,,,,,,,,,,,,,,,,#N/A,#N/A,#N/A,#N/A,#N/A,#N/A,#N/A,#N/A,,#N/A,,,#N/A,,#N/A,,#N/A,#N/A,,#N/A,#N/A,#N/A,#N/A,,,,,,,,0.1325,,,M,,,,,,,,,,,,,,
BAEA-KE2-2016-S-003,,BAEA_0051,,,44.65755,-87.4621,16-May-16,2016,Ahnapee Creek,KEWAUNEE,KE-02,GBLM,0679-00155,,M,11,,3.56,42.4,32.5,29.8,157,133,1,,,,,,,,,,,,,,,,,,#N/A,#N/A,#N/A,#N/A,#N/A,#N/A,#N/A,#N/A,,#N/A,,,#N/A,,#N/A,,#N/A,#N/A,,#N/A,#N/A,#N/A,#N/A,,,,,,,,,,,M,,,,,,,,,,,,,,
BAEA-SB7-2016-S-001,,BAEA_0067,,,43.570575,-87.79139,22-May-16,2016,Cedar Grove,SHEBOYGAN,SB-07,GBLM,0679-00156,,,8,,2.78,37.4,29.6,28.5,95,126,0,,,,,,,,,,,,,,,,,,#N/A,#N/A,#N/A,#N/A,#N/A,#N/A,#N/A,#N/A,,#N/A,,,#N/A,,#N/A,,#N/A,#N/A,,#N/A,#N/A,#N/A,#N/A,,,,,,,,,,,M,,,,,,,,,,,,,,
BAEA-SB7-2016-S-002,,BAEA_0095,P_61,,43.570575,-87.79139,22-May-16,2016,Cedar Grove,SHEBOYGAN,SB-07,GBLM,0679-00157,,,8,,2.84,38.7,30.7,30.7,124,126,0,,,,,,,,,,,,,,,,,,#N/A,#N/A,#N/A,#N/A,#N/A,#N/A,#N/A,#N/A,,#N/A,,,#N/A,,#N/A,,#N/A,#N/A,,#N/A,#N/A,#N/A,#N/A,,,,,,,,0.1815,,,M,,,,,,,,,,,,,,
BAEA-SB4b-2016-S-002,,BAEA_0077,P_67,,43.705817,-87.71587,22-May-16,2016,Sommer Road,SHEBOYGAN,SB-04,GBLM,0679-00160,,M,11,,3.18,39,32.8,28.7,133,127,0,,,,,,,,,,,,,,,,,,#N/A,#N/A,#N/A,#N/A,#N/A,#N/A,#N/A,#N/A,,#N/A,,,#N/A,,#N/A,,#N/A,#N/A,,#N/A,#N/A,#N/A,#N/A,,,,,,,,0.1995,,,M,,,,,,,,,,,,,,
BAEA-KE5-2016-S-002,,BAEA_0094,P_57,,44.34948,-87.53497,23-May-16,2016,Kewaunee Power North,KEWAUNEE,KE-05,GBLM,0679-00164,,F,11,,4.22,46.3,36.6,32,162,147,0,,,,,,,,,,,,,,,,,,#N/A,#N/A,#N/A,#N/A,#N/A,#N/A,#N/A,#N/A,,#N/A,,,#N/A,,#N/A,,#N/A,#N/A,,#N/A,#N/A,#N/A,#N/A,,,,,,,,0.1265,,,F,,,,,,,,,,,,,,
BAEA-BR4a-2016-S-001,,BAEA_0076,,,44.5983,-88.02371667,24-May-16,2016,Deadhorse Bay,BROWN,BR-04a,FRGB,0679-00166,,F,9,,4.15,43.1,34.9,34.5,149,143,0.25,,,,,,,,,,,,,,,,,,#N/A,#N/A,#N/A,#N/A,#N/A,#N/A,#N/A,#N/A,,#N/A,,,#N/A,,#N/A,,#N/A,#N/A,,#N/A,#N/A,#N/A,#N/A,,,,,,,,,,,F,,,,,,,,,,,,,,
BAEA-WI10a-2016-S-002,,BAEA_0073,P_66,,44.231744,-88.462925,25-May-16,2016,Menasha Treatment,WINNEBAGO,WI-10a,FRGB,0679-00172,,F,9,,4.6,47.2,38.2,34.4,224,147,0,,,,,,,,,,,,,,,,,,#N/A,#N/A,#N/A,#N/A,#N/A,#N/A,#N/A,#N/A,,#N/A,,,#N/A,,#N/A,,#N/A,#N/A,,#N/A,#N/A,#N/A,#N/A,,,,,,,,0.183,,,F,,,,,,,,,,,,,,
BAEA-WI9-2016-S-001,,BAEA_0060,P_55,,44.19896667,-88.47475,26-May-16,2016,Kimberly Clark,WINNEBAGO,WI-09,FRGB,0679-00173,,M,11,,3.52,42.7,33.9,31.3,218,131,0,,,,,,,,,,,,,,,,,,#N/A,#N/A,#N/A,#N/A,#N/A,#N/A,#N/A,#N/A,,#N/A,,,#N/A,,#N/A,,#N/A,#N/A,,#N/A,#N/A,#N/A,#N/A,,,,,,,,0.2205,,,M,,,,,,,,,,,,,,
BAEA-WI9-2016-S-002,,BAEA_0062,,,44.19896667,-88.47475,26-May-16,2016,Kimberly Clark,WINNEBAGO,WI-09,FRGB,0679-00174,,F,11,,4.3,46.9,36,32.4,175,145,0.25,,,,,,,,,,,,,,,,,,#N/A,#N/A,#N/A,#N/A,#N/A,#N/A,#N/A,#N/A,,#N/A,,,#N/A,,#N/A,,#N/A,#N/A,,#N/A,#N/A,#N/A,#N/A,,,,,,,,,,,,,,,,,,,,,,,,,
BAEA-DO18-2016-L-001,,BAEA_0069,P_65,,44.95188,-87.20525,23-May-16,2016,Clark Lake,DOOR,DO-18,GBLM,0679-00144,,M,10,,3.22,40.6,30.3,31.2,200,133,0.25,,,,,,,,,,,,,,,,,,#N/A,#N/A,#N/A,#N/A,#N/A,#N/A,#N/A,#N/A,,#N/A,,,#N/A,,#N/A,,#N/A,#N/A,,#N/A,#N/A,#N/A,#N/A,,,,,,,,0.22,,,M,,,,,,,,,,,,,,
BAEA-DO18-2016-L-002,,BAEA_0098,,,44.95188,-87.20525,23-May-16,2016,Clark Lake,DOOR,DO-18,GBLM,0679-00145,,M,10,,3.61,45.7,35.3,31.2,225,138,0.5,,,,,,,,,,,,,,,,,,#N/A,#N/A,#N/A,#N/A,#N/A,#N/A,#N/A,#N/A,,#N/A,,,#N/A,,#N/A,,#N/A,#N/A,,#N/A,#N/A,#N/A,#N/A,,,,,,,,,,,M,,,,,,,,,,,,,,
BAEA-DO19-2016-L-002,,BAEA_0078,P_54,,45.29582,-87.06477,24-May-16,2016,Door Bluff,DOOR,DO-19,GBLM,629-49328,,,6.5,,2.06,33.3,26,23.9,49,115,0,,,,,,,,,,,,,,,,,,#N/A,#N/A,#N/A,#N/A,#N/A,#N/A,#N/A,#N/A,,#N/A,,,#N/A,,#N/A,,#N/A,#N/A,,#N/A,#N/A,#N/A,#N/A,,,,,,,,0.1755,,,M,,,,,,,,,,,,,,
BAEA-MT7c-2016-B-002,,BAEA_0064,,,45.0028,-87.68988333,24-May-16,2016,Peshtigo River,MARINETTE,MT-07c,GBLM,629-49330,,F,10,,4.6,45.5,36.6,33.8,204,145,1,,,,,,,,,,,,,,,,,,#N/A,#N/A,#N/A,#N/A,#N/A,#N/A,#N/A,#N/A,,#N/A,,,#N/A,,#N/A,,#N/A,#N/A,,#N/A,#N/A,#N/A,#N/A,,,,,,,,,,,F,,,,,,,,,,,,,,
BAEA-MT58-2016-L-001,,BAEA_0052,,,44.99101,-87.66344,24-May-16,2016,Peshtigo River/BB,MARINETTE,MT-58,GBLM,629-49331,,,4,,1.91,34.4,24.9,23.7,49,120,0,,,,,,,,,,,,,,,,,,#N/A,#N/A,#N/A,#N/A,#N/A,#N/A,#N/A,#N/A,,#N/A,,,#N/A,,#N/A,,#N/A,#N/A,,#N/A,#N/A,#N/A,#N/A,,,,,,,,,,,M,,,,,,,,,,,,,,
BAEA-MT58-2016-L-002,,BAEA_0075,,,44.99101,-87.66344,24-May-16,2016,Peshtigo River/BB,MARINETTE,MT-58,GBLM,629-49332,,M,8.5,,2.8,39.4,29.9,28.1,79,134,0,,,,,,,,,,,,,,,,,,#N/A,#N/A,#N/A,#N/A,#N/A,#N/A,#N/A,#N/A,,#N/A,,,#N/A,,#N/A,,#N/A,#N/A,,#N/A,#N/A,#N/A,#N/A,,,,,,,,,,,F,,,,,,,,,,,,,,
BAEA-OU6a-2016-B-002,,BAEA_0057,P_68,,44.27374,-88.36438,26-May-16,2016,Potato Point Rd,OUTAGAMIE,OU-06a,FRGB,629-49337,,F,11,,4.59,48.6,40.5,33.5,239,140,1,,,,,,,,,,,,,,,,,,#N/A,#N/A,#N/A,#N/A,#N/A,#N/A,#N/A,#N/A,,#N/A,,,#N/A,,#N/A,,#N/A,#N/A,,#N/A,#N/A,#N/A,#N/A,,,,,,,,0.211,,,F,,,,,,,,,,,,,,
BAEA-OU6a-2016-L-003,,BAEA_0061,,,44.27374,-88.36438,26-May-16,2016,Potato Point Rd,OUTAGAMIE,OU-06a,FRGB,629-49338,,M,11,,3.14,40,34.6,28.2,191,127,0.5,,,,,,,,,,,,,,,,,,#N/A,#N/A,#N/A,#N/A,#N/A,#N/A,#N/A,#N/A,,#N/A,,,#N/A,,#N/A,,#N/A,#N/A,,#N/A,#N/A,#N/A,#N/A,,,,,,,,,,,M,,,,,,,,,,,,,,
BAEA-DO16b-2016-S-002,,BAEA_0100,P_59,,45.41329,-86.877653,7-Jun-16,2016,Ulm,DOOR,DO-16b,GBLM,0679-00181,,M,11,,3.75,44.5,34.2,32.9,169,132,0,,,,,,,,,,,,,,,,,,#N/A,#N/A,#N/A,#N/A,#N/A,#N/A,#N/A,#N/A,,#N/A,,,#N/A,,#N/A,,#N/A,#N/A,,#N/A,#N/A,#N/A,#N/A,,,,,,,,0.1135,,,M,,,,,,,,,,,,,,
BAEA-IR33a-2017-S-001,,,,,46.068258,-90.224962,6/9/17,2017,Turtle - Flambeau Dam,IRON,IR-33a,,0679-00184,,F,11,Y,,,,,,,,,,,,,,,,,,,,,,,,,0.25,0,5.8,1.1,0.25,0.25,0.51,0.25,,0.25,,,4.3,,0.25,,35,0.25,,5.3,1.1,8.5,63.36,,,,,,,,,,,,,,,,,,,,,,,,,
BAEA-IR33a-2017-S-002,,,,,46.068258,-90.224962,6/9/17,2017,Turtle - Flambeau Dam,IRON,IR-33a,,0679-00185,,M,10,Y,,,,,,,,,,,,,,,,,,,,,,,,,#N/A,#N/A,#N/A,#N/A,#N/A,#N/A,#N/A,#N/A,,#N/A,,,#N/A,,#N/A,,#N/A,#N/A,,#N/A,#N/A,#N/A,#N/A,,,,,,,,,,,,,,,,,,,,,,,,,
BAEA-IR34d-2017-S-001,,,,,46.070416,-90.187205,6/9/17,2017,Springstead Landing ,IRON,IR-34d,,0679-00186,,F,12,Y,,,,,,,,,,,,,,,,,,,,,,,,,0.25,0,5.1,1.3,0.25,0.25,0.25,0.25,,0.25,,,6.6,,0.25,,31,0.25,,0.25,1.4,6.4,54.05,,,,,,,,,,,,,,,,,,,,,,,,,
BAEA-ON200a-2017-S-001,,BAEA_0165,,,45.86765,-89.63615,6/14/17,2017,Clear Lake,ONEIDA,ON-200a,,0679-00187,,F,12,Y,,,,,,,,,,,,,,,,,,,,,,,,,0.25,0,4,1.6,0.69,0.25,0.98,0.25,,0.7,,,2.5,,0.25,,80,0.25,,0.25,1.8,3.8,97.57,,,,,,,,,,,F,,,,,,,,,,,,,,
BAEA-ON10e-2017-S-001,,BAEA_0173,,,45.86258,-89.59383,6/15/17,2017,Sweeny Lake,ONEIDA,ON-10e,,0679-00188,,F,12,Y,,,,,,,,,,,,,,,,,,,,,,,,,0.25,0,1.9,0.25,0.25,0.25,0.25,0.25,,0.25,,,0.55,,0.25,,7.5,0.25,,0.25,0.25,3.4,16.1,,,,,,,,,,,,,,,,,,,,,,,,,
BAEA-VI99-2017-S-001,,BAEA_0168,,,45.925181,-89.634687,6/15/17,2017,Big Arbor Vitae Lake,VILAS,VI-99,,0679-00189,,F,11,Y,,,,,,,,,,,,,,,,,,,,,,,,,0.25,0,1,0.25,0.25,0.25,0.25,0.25,,0.25,,,0.25,,0.25,,4,0.25,,0.25,0.25,1.1,9.1,,,,,,,,,,,F,,,,,,,,,,,,,,
BAEA-VI42b-2017-S-001,,,,,46.061166,-89.581375,6/15/17,2017,Escanaba Lake,VILAS,VI-42b,,0679-00190,,F,2,Y,,,,,,,,,,,,,,,,,,,,,,,,,#N/A,#N/A,#N/A,#N/A,#N/A,#N/A,#N/A,#N/A,,#N/A,,,#N/A,,#N/A,,#N/A,#N/A,,#N/A,#N/A,#N/A,#N/A,,,,,,,,,,,,,,,,,,,,,,,,,
BAEA-ON217-2017-S-001,,BAEA_0155,,,45.837523,-89.528553,6/16/17,2017,Rainbow S. Big Isle,ONEIDA,ON-217,,0709-05601,,F,12,Y,,,,,,,,,,,,,,,,,,,,,,,,,0.25,0,3,0.87,2.2,0.25,0.25,0.25,,0.25,,,2.1,,0.25,,24,0.25,,0.25,0.86,3.6,38.63,,,,,,,,,,,M,,,,,,,,,,,,,,
BAEA-ON149-2017-S-001,,BAEA_0152,,,45.869495,-89.518599,6/16/17,2017,Rainbow Peninsula - North,ONEIDA,ON-149,,0709-05602,,M,11,Y,,,,,,,,,,,,,,,,,,,,,,,,,0.25,0,3,1.1,3.6,0.25,0.25,0.25,,0.25,,,2.7,,0.25,,27,0.25,,0.53,1.5,3.9,45.08,,,,,,,,,,,M,,,,,,,,,,,,,,
BAEA-VI45h-2017-S-001,,BAEA_0160,,,46.065805,-89.46939,6/17/17,2017,Irving Lake,VILAS,VI-45h,,0709-05603,,F,12,Y,,,,,,,,,,,,,,,,,,,,,,,,,0.25,0,4.4,1.1,0.25,0.25,0.25,0.25,,0.25,,,2.4,,0.25,,11,0.25,,0.25,0.74,5.1,26.99,,,,,,,,,,,F,,,,,,,,,,,,,,
BAEA-VI004c-2017-S-001,,BAEA_0151,,,46.109095,-89.77015,6/17/17,2017,Island Lake - East,VILAS,VI-004c,,0709-05604,,M,12,Y,,,,,,,,,,,,,,,,,,,,,,,,,0.25,0,1.3,0.78,0.25,0.25,0.25,0.25,,0.25,,,0.94,,0.25,,9.5,0.25,,0.25,0.87,2.4,18.04,,,,,,,,,,,F,,,,,,,,,,,,,,
BAEA-ON97b-2017-LL-001,,BAEA_0171,,,45.82948,-89.49512,6/14/17,2017,Swamp Creek,ONEIDA,ON-97b,,0629-49342,,M,12,Y,,,,,,,,,,,,,,,,,,,,,,,,,#N/A,#N/A,#N/A,#N/A,#N/A,#N/A,#N/A,#N/A,,#N/A,,,#N/A,,#N/A,,#N/A,#N/A,,#N/A,#N/A,#N/A,#N/A,,,,,,,,,,,M,,,,,,,,,,,,,,
BAEA-VI165a-2017-LL-001,,BAEA_0164,,,46.019761,-89.542616,6/14/17,2017,Aurora Lake - Island,VILAS,VI-165a,,0629-49343,,F,12,Y,,,,,,,,,,,,,,,,,,,,,,,,,#N/A,#N/A,#N/A,#N/A,#N/A,#N/A,#N/A,#N/A,,#N/A,,,#N/A,,#N/A,,#N/A,#N/A,,#N/A,#N/A,#N/A,#N/A,,,,,,,,,,,F,,,,,,,,,,,,,,
BAEA-VI72a-2017-LL-001,,BAEA_0154,,,46.021985,-89.517451,6/14/17,2017,Razorback Lake,VILAS,VI-72a,,0629-49344,,F,12,Y,,,,,,,,,,,,,,,,,,,,,,,,,#N/A,#N/A,#N/A,#N/A,#N/A,#N/A,#N/A,#N/A,,#N/A,,,#N/A,,#N/A,,#N/A,#N/A,,#N/A,#N/A,#N/A,#N/A,,,,,,,,,,,F,,,,,,,,,,,,,,
BAEA-VI150c-2017-MK-001,,BAEA_0166,,,46.06874,-89.67451,6/15/17,2017,Trout Lake NW,VILAS,VI-150c,,0629-49345,,F,12,Y,,,,,,,,,,,,,,,,,,,,,,,,,#N/A,#N/A,#N/A,#N/A,#N/A,#N/A,#N/A,#N/A,,#N/A,,,#N/A,,#N/A,,#N/A,#N/A,,#N/A,#N/A,#N/A,#N/A,,,,,,,,,,,F,,,,,,,,,,,,,,
BAEA-VI150c-2017-MK-002,,BAEA_0169,,,46.06874,-89.67451,6/15/17,2017,Trout Lake NW,VILAS,VI-150c,,0629-49346,,F,12,Y,,,,,,,,,,,,,,,,,,,,,,,,,#N/A,#N/A,#N/A,#N/A,#N/A,#N/A,#N/A,#N/A,,#N/A,,,#N/A,,#N/A,,#N/A,#N/A,,#N/A,#N/A,#N/A,#N/A,,,,,,,,,,,F,,,,,,,,,,,,,,
BAEA-VI37b-2017-MK-001,,BAEA_0170,,,45.992597,-89.649473,6/15/17,2017,Mann Lake,VILAS,VI-37b,,0629-49347,,F,12,Y,,,,,,,,,,,,,,,,,,,,,,,,,#N/A,#N/A,#N/A,#N/A,#N/A,#N/A,#N/A,#N/A,,#N/A,,,#N/A,,#N/A,,#N/A,#N/A,,#N/A,#N/A,#N/A,#N/A,,,,,,,,,,,F,,,,,,,,,,,,,,
BAEA-VI145-2017-MK-001,,BAEA_0167,,,46.067442,-89.733265,6/15/17,2017,Upper Gresham Lake,VILAS,VI-145,,0629-49348,,F?,12,Y,,,,,,,,,,,,,,,,,,,,,,,,,#N/A,#N/A,#N/A,#N/A,#N/A,#N/A,#N/A,#N/A,,#N/A,,,#N/A,,#N/A,,#N/A,#N/A,,#N/A,#N/A,#N/A,#N/A,,,,,,,,,,,F,,,,,,,,,,,,,,
BAEA-VI55b-2017-LL-001,,BAEA_0163,,,45.889076,-89.93482,6/16/17,2017,Buckskin Lake,VILAS,VI-55b,,0629-49349,,M?,12,Y,,,,,,,,,,,,,,,,,,,,,,,,,#N/A,#N/A,#N/A,#N/A,#N/A,#N/A,#N/A,#N/A,,#N/A,,,#N/A,,#N/A,,#N/A,#N/A,,#N/A,#N/A,#N/A,#N/A,,,,,,,,,,,F,,,,,,,,,,,,,,
BAEA-ON68-2017-LL-001,,BAEA_0172,,,45.726309,-89.90957,6/16/17,2017,Willow Resevoir,ONEIDA,ON-68,,0629-49350,,M,12,Y,,,,,,,,,,,,,,,,,,,,,,,,,#N/A,#N/A,#N/A,#N/A,#N/A,#N/A,#N/A,#N/A,,#N/A,,,#N/A,,#N/A,,#N/A,#N/A,,#N/A,#N/A,#N/A,#N/A,,,,,,,,,,,F,,,,,,,,,,,,,,
BAEA-VI142a-2017-LL-001,,BAEA_0156,P_028,,46.03436,-89.48292,6/17/17,2017,Big Star Lake Peninsula,VILAS,VI-142a,,0679-00191,,M,12,Y,,,,,,,,,,,,,,,,,,,,,,,,,#N/A,#N/A,#N/A,#N/A,#N/A,#N/A,#N/A,#N/A,,#N/A,,,#N/A,,#N/A,,#N/A,#N/A,,#N/A,#N/A,#N/A,#N/A,,,,,,,,0.261,,,M,,,,,,,,,,,,,,
BAEA-VI008d-2017-MM-001,,BAEA_0159,,,46.159381,-89.5421,6/17/17,2017,High Lake - Frog Island,VILAS,VI-008d,,0679-00192,,M,12,Y,,,,,,,,,,,,,,,,,,,,,,,,,#N/A,#N/A,#N/A,#N/A,#N/A,#N/A,#N/A,#N/A,,#N/A,,,#N/A,,#N/A,,#N/A,#N/A,,#N/A,#N/A,#N/A,#N/A,,,,,,,,,,,M,,,,,,,,,,,,,,
BAEA-VI008d-2017-BD-002,,BAEA_0157,,,46.159381,-89.5421,6/17/17,2017,High Lake - Frog Island,VILAS,VI-008d,,0679-00193,,F,12,Y,,,,,,,,,,,,,,,,,,,,,,,,,#N/A,#N/A,#N/A,#N/A,#N/A,#N/A,#N/A,#N/A,,#N/A,,,#N/A,,#N/A,,#N/A,#N/A,,#N/A,#N/A,#N/A,#N/A,,,,,,,,,,,F,,,,,,,,,,,,,,
BAEA-VI53b-2017-LL-001,,BAEA_0162,,,46.201227,-89.762772,6/17/17,2017,Averill Lake,VILAS,VI-53b,,0709-05605,,M,12,Y,,,,,,,,,,,,,,,,,,,,,,,,,#N/A,#N/A,#N/A,#N/A,#N/A,#N/A,#N/A,#N/A,,#N/A,,,#N/A,,#N/A,,#N/A,#N/A,,#N/A,#N/A,#N/A,#N/A,,,,,,,,,,,M,,,,,,,,,,,,,,
BAEA-VI53b-2017-MS-002,,BAEA_0161,,,46.201227,-89.762772,6/17/17,2017,Averill Lake,VILAS,VI-53b,,0709-05606,,F,12,Y,,,,,,,,,,,,,,,,,,,,,,,,,#N/A,#N/A,#N/A,#N/A,#N/A,#N/A,#N/A,#N/A,,#N/A,,,#N/A,,#N/A,,#N/A,#N/A,,#N/A,#N/A,#N/A,#N/A,,,,,,,,,,,F,,,,,,,,,,,,,,
BAEA-ON-135-2017-LL-001,,BAEA_0158,,,45.834613,-89.14011,6/18/17,2017,Round Lake - Island,ONEIDA,ON-135,,0679-00194,,M,12,Y,,,,,,,,,,,,,,,,,,,,,,,,,#N/A,#N/A,#N/A,#N/A,#N/A,#N/A,#N/A,#N/A,,#N/A,,,#N/A,,#N/A,,#N/A,#N/A,,#N/A,#N/A,#N/A,#N/A,,,,,,,,,,,M,,,,,,,,,,,,,,
BAEA-ON-135-2017-LL-002,,BAEA_0153,,,45.834613,-89.14011,6/18/17,2017,Round Lake - Island,ONEIDA,ON-135,,0679-00195,,M,9,Y,,,,,,,,,,,,,,,,,,,,,,,,,#N/A,#N/A,#N/A,#N/A,#N/A,#N/A,#N/A,#N/A,,#N/A,,,#N/A,,#N/A,,#N/A,#N/A,,#N/A,#N/A,#N/A,#N/A,,,,,,,,,,,M,,,,,,,,,,,,,,